{"cameraMode":{"drawMode":0,"name":"Shaded","section":"Shading Mode"},"sceneLighting":true,"audioPlay":false,"sceneViewState":{"m_AlwaysRefresh":false,"showFog":true,"showSkybox":true,"showFlares":true,"showImageEffects":true,"showParticleSystems":true,"showVisualEffectGraphs":true,"m_FxEnabled":true},"in2DMode":false,"pivot":{"x":-52.33266830444336,"y":1.2906293869018555,"z":-86.5133056640625},"rotation":{"x":-0.011215979233384133,"y":-0.2050178349018097,"z":0.002116783522069454,"w":-0.9789647459983826},"size":3.4224705696105959,"orthographic":false}