{"cameraMode":{"drawMode":0,"name":"Shaded","section":"Shading Mode"},"sceneLighting":true,"audioPlay":false,"sceneViewState":{"m_AlwaysRefresh":false,"showFog":true,"showSkybox":true,"showFlares":true,"showImageEffects":true,"showParticleSystems":true,"showVisualEffectGraphs":true,"m_FxEnabled":true},"in2DMode":false,"pivot":{"x":-51.76007843017578,"y":1.9764761924743653,"z":-88.28102111816406},"rotation":{"x":0.018095172941684724,"y":-0.9714516997337341,"z":0.22326594591140748,"w":0.07853693515062332},"size":0.6669106483459473,"orthographic":false}