{"cameraMode":{"drawMode":0,"name":"Shaded","section":"Shading Mode"},"sceneLighting":true,"audioPlay":false,"sceneViewState":{"m_AlwaysRefresh":false,"showFog":true,"showSkybox":true,"showFlares":true,"showImageEffects":true,"showParticleSystems":true,"showVisualEffectGraphs":true,"m_FxEnabled":true},"in2DMode":false,"pivot":{"x":-43.23215103149414,"y":2.0959978103637697,"z":-62.03258514404297},"rotation":{"x":-0.03737196698784828,"y":-0.22498366236686707,"z":0.008830862119793892,"w":-0.9737142324447632},"size":21.453807830810548,"orthographic":false}