{"cameraMode":{"drawMode":0,"name":"Shaded","section":"Shading Mode"},"sceneLighting":true,"audioPlay":false,"sceneViewState":{"m_AlwaysRefresh":false,"showFog":true,"showSkybox":true,"showFlares":true,"showImageEffects":true,"showParticleSystems":true,"showVisualEffectGraphs":true,"m_FxEnabled":true},"in2DMode":false,"pivot":{"x":-81.39004516601563,"y":-17.193038940429689,"z":30.014366149902345},"rotation":{"x":0.07396124303340912,"y":-0.10066892951726914,"z":0.007504521403461695,"w":0.9921400547027588},"size":64.6467056274414,"orthographic":false}